,userId,startDt,endDt,device,sleep_score,total_sleep_time,Class
1,17,2018-11-01 0:01,2018-11-01 8:02,Fitbit,75.4098361,2760,B
96,10,2018-11-11 23:53,2018-11-12 7:29,Fitbit,86.7647059,3540,C
204,22,2018-11-28 1:06,2018-11-28 6:35,Fitbit,100.0,3600,A
38,3,2018-11-12 20:35,2018-11-13 7:25,Fitbit,94.0298507,3780,A
231,27,2018-11-21 0:55,2018-11-21 8:29,Fitbit,85.3333333,3840,B
111,11,2018-11-04 6:21,2018-11-04 12:27,Fitbit,87.8378378,3900,C
295,19,2018-11-21 1:46,2018-11-21 8:12,Fitbit,89.1891892,3960,C
230,6,2018-11-11 23:42,2018-11-12 8:08,Fitbit,85.7142857,4320,B
16,4,2018-11-13 5:00,2018-11-13 13:10,Fitbit,93.6708861,4440,A
6,24,2018-11-17 2:49,2018-11-17 19:46,Fitbit,78.3018868,4980,B
41,3,2018-11-03 1:43,2018-11-03 6:30,Fitbit,87.3786408,5400,C
193,5,2018-11-03 4:36,2018-11-03 4:53,Fitbit,91.7431193,6000,A
48,3,2018-11-11 3:12,2018-11-11 10:54,Fitbit,97.4789916,6960,A
177,7,2018-11-13 0:56,2018-11-13 6:57,Fitbit,87.4551971,7320,C
255,2,2018-11-25 2:49,2018-11-25 11:03,Fitbit,83.625731,8580,B
181,29,2018-11-18 1:30,2018-11-18 7:30,Fitbit,80.0546448,8790,B
249,14,2018-11-02 23:57,2018-11-03 6:17,Fitbit,86.6295265,9330,C
3,24,2018-11-27 0:14,2018-11-27 5:39,Fitbit,98.7421384,9420,A
212,22,2018-11-21 23:41,2018-11-22 6:47,Fitbit,91.5730337,9780,A
252,14,2018-11-07 1:36,2018-11-07 13:48,Fitbit,89.3617021,10080,C
162,30,2018-11-26 1:46,2018-11-26 9:08,Fitbit,84.1191067,10170,B
314,26,2018-11-27 23:11,2018-11-28 8:29,Fitbit,97.1590909,10260,A
278,8,2018-11-02 3:19,2018-11-02 7:35,Fitbit,88.08933,10650,C
251,14,2018-11-05 4:56,2018-11-05 7:53,Fitbit,88.8349515,10980,C
271,28,2018-11-22 1:14,2018-11-22 7:36,Fitbit,81.4889336,12150,B
280,8,2018-11-04 3:38,2018-11-04 7:20,Fitbit,88.6752137,12450,C
194,5,2018-11-04 1:27,2018-11-04 5:38,Fitbit,83.0339321,12480,B
259,2,2018-11-17 0:09,2018-11-17 1:35,Fitbit,91.9739696,12720,A
105,21,2018-11-23 22:35,2018-11-24 7:25,Fitbit,86.437247,12810,C
254,14,2018-11-09 2:15,2018-11-09 5:00,Fitbit,94.3965517,13140,A
257,2,2018-11-27 1:43,2018-11-27 8:16,Fitbit,93.6440678,13260,A
93,10,2018-11-09 1:37,2018-11-09 6:59,Fitbit,81.7343173,13290,B
103,21,2018-11-22 2:40,2018-11-22 9:43,Fitbit,84.7145488,13800,B
53,18,2018-11-19 1:15,2018-11-19 7:31,Fitbit,91.3385827,13920,A
202,5,2018-11-12 1:55,2018-11-12 6:15,Fitbit,85.4779412,13950,B
185,29,2018-11-22 5:50,2018-11-22 13:22,Fitbit,86.3799283,14460,C
244,27,2018-11-22 0:11,2018-11-22 6:31,Fitbit,83.5334477,14610,B
43,3,2018-11-05 3:47,2018-11-05 11:31,Fitbit,85.5400697,14730,B
89,10,2018-11-05 0:11,2018-11-05 7:18,Fitbit,88.5714286,14880,C
58,18,2018-11-26 3:38,2018-11-26 8:36,Fitbit,84.3537415,14880,B
75,20,2018-11-25 16:01,2018-11-25 17:16,Fitbit,85.7876712,15030,C
274,28,2018-11-25 0:21,2018-11-25 7:46,Fitbit,88.8495575,15060,C
173,7,2018-11-09 0:27,2018-11-09 7:00,Fitbit,80.8373591,15060,B
183,29,2018-11-20 0:54,2018-11-20 9:32,Fitbit,83.5504886,15390,B
235,27,2018-11-25 2:38,2018-11-25 9:50,Fitbit,85.6672158,15600,B
23,4,2018-11-06 1:13,2018-11-06 6:57,Fitbit,84.0,15750,B
40,3,2018-11-02 1:02,2018-11-02 9:42,Fitbit,85.6913183,15990,B
152,30,2018-11-16 1:30,2018-11-16 8:52,Fitbit,88.9256198,16140,C
197,5,2018-11-06 23:47,2018-11-07 4:24,Fitbit,92.9310345,16170,A
192,5,2018-11-01 22:58,2018-11-02 4:05,Fitbit,84.0310078,16260,B
320,26,2018-11-20 2:34,2018-11-20 9:32,Fitbit,87.0813397,16380,C
98,21,2018-11-16 2:17,2018-11-16 7:04,Fitbit,91.959799,16470,A
191,5,2018-10-31 23:56,2018-11-01 5:26,Fitbit,85.2941176,16530,B
315,26,2018-11-15 9:04,2018-11-15 15:48,Fitbit,84.5454545,16740,B
291,19,2018-11-16 1:54,2018-11-16 7:38,Fitbit,77.2099448,16770,B
57,18,2018-11-24 1:39,2018-11-24 7:52,Fitbit,89.9361022,16890,A
168,7,2018-11-03 23:06,2018-11-04 9:00,Fitbit,80.7965861,17040,B
241,27,2018-11-19 0:40,2018-11-19 6:20,Fitbit,91.025641,17040,A
265,28,2018-11-16 0:23,2018-11-16 7:31,Fitbit,88.5093168,17100,C
299,19,2018-11-26 2:36,2018-11-26 8:53,Fitbit,85.7357357,17130,B
326,26,2018-11-26 2:21,2018-11-26 12:12,Fitbit,87.6146789,17190,C
97,21,2018-11-28 1:46,2018-11-28 8:39,Fitbit,85.141159,17190,B
11,24,2018-11-22 2:42,2018-11-22 8:10,Fitbit,84.1339156,17340,B
66,15,2018-11-05 1:29,2018-11-05 10:41,Fitbit,85.1906158,17430,B
17,4,2018-10-30 15:09,2018-10-30 16:27,Fitbit,82.5779037,17490,B
86,10,2018-11-02 2:02,2018-11-02 7:36,Fitbit,88.1996974,17490,C
59,18,2018-11-27 3:12,2018-11-27 8:44,Fitbit,80.5479452,17640,B
323,26,2018-11-23 2:49,2018-11-23 8:41,Fitbit,90.6153846,17670,A
144,1,2018-11-26 1:58,2018-11-26 7:44,Fitbit,88.1736527,17670,C
263,16,2018-11-08 3:34,2018-11-08 8:51,Fitbit,86.3836018,17700,C
140,1,2018-11-21 23:52,2018-11-22 7:37,Fitbit,92.4031008,17880,A
30,25,2018-11-17 5:04,2018-11-17 14:51,Fitbit,89.7897898,17940,A
261,16,2018-11-01 1:57,2018-11-01 8:38,Fitbit,86.0832138,18000,C
322,26,2018-11-22 4:56,2018-11-22 12:35,Fitbit,87.5,18060,C
14,24,2018-11-25 4:26,2018-11-25 12:53,Fitbit,89.3333333,18090,A
13,24,2018-11-24 1:51,2018-11-24 22:13,Fitbit,90.0149031,18120,A
91,10,2018-11-07 0:02,2018-11-07 7:26,Fitbit,86.5714286,18180,C
277,8,2018-11-01 0:45,2018-11-01 7:25,Fitbit,89.380531,18180,A
141,1,2018-11-23 2:07,2018-11-23 7:17,Fitbit,82.5613079,18180,B
209,22,2018-11-18 22:28,2018-11-19 5:57,Fitbit,94.4099379,18240,A
32,25,2018-11-19 2:40,2018-11-19 7:34,Fitbit,93.8650307,18360,A
65,15,2018-11-04 0:23,2018-11-04 10:07,Fitbit,87.2159091,18420,C
145,1,2018-11-27 0:55,2018-11-27 7:38,Fitbit,90.6942393,18420,A
50,18,2018-11-28 0:36,2018-11-28 8:06,Fitbit,86.3572433,18420,C
99,21,2018-11-17 2:20,2018-11-17 7:04,Fitbit,93.323217,18450,A
172,7,2018-11-08 0:45,2018-11-08 7:22,Fitbit,83.9237057,18480,B
120,23,2018-11-16 0:10,2018-11-16 7:38,Fitbit,84.4262295,18540,B
33,25,2018-11-20 2:28,2018-11-20 7:27,Fitbit,94.4954128,18540,A
102,21,2018-11-21 1:00,2018-11-21 8:14,Fitbit,90.1306241,18630,A
124,23,2018-11-20 0:56,2018-11-20 7:29,Fitbit,79.9485861,18660,B
29,25,2018-11-27 1:03,2018-11-27 7:26,Fitbit,96.5944272,18720,A
218,6,2018-11-13 2:38,2018-11-13 13:35,Fitbit,85.675307,18840,B
85,10,2018-11-01 0:45,2018-11-01 7:26,Fitbit,88.9674682,18870,C
110,11,2018-11-03 5:06,2018-11-03 10:52,Fitbit,83.5543767,18900,B
242,27,2018-11-20 0:47,2018-11-20 7:00,Fitbit,89.9004267,18960,A
290,19,2018-11-28 3:25,2018-11-28 9:40,Fitbit,86.239782,18990,C
112,11,2018-11-05 13:20,2018-11-05 14:01,Fitbit,91.2230216,19020,A
301,9,2018-11-01 0:30,2018-11-01 6:55,Fitbit,81.6195373,19050,B
15,24,2018-11-26 3:06,2018-11-26 8:15,Fitbit,85.5795148,19050,B
9,24,2018-11-19 18:58,2018-11-20 8:14,Fitbit,92.7007299,19050,A
236,27,2018-11-28 1:14,2018-11-28 8:37,Fitbit,88.3333333,19080,C
266,28,2018-11-17 2:01,2018-11-17 6:59,Fitbit,89.2156863,19110,C
196,5,2018-11-05 23:33,2018-11-06 5:38,Fitbit,85.8099063,19230,B
142,1,2018-11-24 0:04,2018-11-24 6:24,Fitbit,92.1763869,19440,A
199,5,2018-11-08 23:35,2018-11-09 5:30,Fitbit,89.6694215,19530,A
137,1,2018-11-19 1:54,2018-11-19 7:47,Fitbit,88.4823848,19590,C
63,15,2018-11-02 0:16,2018-11-02 7:08,Fitbit,88.1879195,19710,C
130,13,2018-11-02 0:34,2018-11-02 7:37,Fitbit,84.9935317,19710,B
200,5,2018-11-10 0:55,2018-11-10 6:55,Fitbit,86.9220608,19740,C
158,30,2018-11-22 1:45,2018-11-22 8:48,Fitbit,81.3810111,19800,B
81,20,2018-11-18 4:13,2018-11-18 8:38,Fitbit,86.1618799,19800,C
313,9,2018-11-13 0:43,2018-11-13 6:54,Fitbit,89.3243243,19830,C
109,11,2018-11-02 3:02,2018-11-02 10:49,Fitbit,88.368984,19830,C
260,2,2018-11-20 19:31,2018-11-20 21:22,Fitbit,91.5629322,19860,A
51,18,2018-11-17 3:21,2018-11-17 9:43,Fitbit,85.9922179,19890,C
187,29,2018-11-24 2:08,2018-11-24 18:47,Fitbit,91.2087912,19920,A
21,4,2018-11-03 23:34,2018-11-04 7:29,Fitbit,90.2702703,20040,A
148,12,2018-11-03 2:37,2018-11-03 8:59,Fitbit,84.1309824,20040,B
26,4,2018-11-11 2:29,2018-11-11 18:13,Fitbit,89.9193548,20070,A
72,15,2018-11-11 0:25,2018-11-11 10:06,Fitbit,90.296496,20100,A
304,9,2018-11-04 1:02,2018-11-04 7:01,Fitbit,95.0704225,20250,A
160,30,2018-11-24 3:32,2018-11-24 10:40,Fitbit,86.3171355,20250,C
101,21,2018-11-20 0:16,2018-11-20 7:19,Fitbit,86.5556978,20280,C
184,29,2018-11-21 4:11,2018-11-21 9:39,Fitbit,83.2107843,20370,B
169,7,2018-11-05 0:29,2018-11-05 7:05,Fitbit,88.0829016,20400,C
180,29,2018-11-17 4:24,2018-11-17 14:43,Fitbit,87.1173469,20490,C
7,24,2018-11-18 5:19,2018-11-18 13:36,Fitbit,89.9868248,20490,A
49,3,2018-11-13 2:16,2018-11-13 8:43,Fitbit,90.9574468,20520,A
239,27,2018-11-17 0:28,2018-11-17 7:29,Fitbit,88.0616175,20580,C
156,30,2018-11-20 0:40,2018-11-20 7:30,Fitbit,89.6732026,20580,A
82,20,2018-11-19 0:24,2018-11-19 7:59,Fitbit,84.0881273,20610,B
293,19,2018-11-19 1:44,2018-11-19 8:49,Fitbit,88.0921895,20640,C
215,22,2018-11-25 0:08,2018-11-25 7:27,Fitbit,89.1332471,20670,C
143,1,2018-11-25 5:37,2018-11-25 15:59,Fitbit,86.5577889,20670,C
306,9,2018-11-05 23:02,2018-11-06 6:12,Fitbit,87.1212121,20700,C
217,6,2018-11-12 0:21,2018-11-12 6:59,Fitbit,87.0277078,20730,C
270,28,2018-11-21 0:46,2018-11-21 8:35,Fitbit,87.8172589,20760,C
132,13,2018-11-05 1:36,2018-11-05 7:58,Fitbit,86.9510665,20790,C
176,7,2018-11-11 23:13,2018-11-12 6:29,Fitbit,86.625,20790,C
205,22,2018-11-15 14:24,2018-11-15 23:46,Fitbit,89.3453145,20880,C
243,27,2018-11-21 3:25,2018-11-21 12:54,Fitbit,89.5752896,20880,C
127,23,2018-11-23 1:46,2018-11-23 7:51,Fitbit,84.774665,20880,B
303,9,2018-11-03 0:09,2018-11-03 6:57,Fitbit,91.8528252,20970,A
136,1,2018-11-18 5:06,2018-11-18 11:08,Fitbit,91.9842313,21000,A
286,8,2018-11-10 4:04,2018-11-10 9:54,Fitbit,84.5597105,21030,B
155,30,2018-11-18 20:18,2018-11-19 12:14,Fitbit,85.7317073,21090,B
268,28,2018-11-19 0:32,2018-11-19 11:03,Fitbit,88.5821832,21180,C
71,15,2018-11-09 22:29,2018-11-10 9:12,Fitbit,89.707751,21180,A
283,8,2018-11-07 0:39,2018-11-07 7:52,Fitbit,87.1007371,21270,C
128,23,2018-11-24 1:31,2018-11-24 11:26,Fitbit,86.1650485,21300,C
219,6,2018-11-01 0:05,2018-11-01 6:30,Fitbit,85.7487923,21300,B
234,27,2018-11-24 4:42,2018-11-24 10:31,Fitbit,90.8163265,21360,A
54,18,2018-11-20 3:23,2018-11-20 7:29,Fitbit,94.4297082,21360,A
22,4,2018-11-05 0:15,2018-11-05 7:24,Fitbit,88.4615385,21390,C
77,20,2018-11-27 4:13,2018-11-27 7:49,Fitbit,88.5326757,21540,C
123,23,2018-11-19 1:47,2018-11-19 7:35,Fitbit,84.7877358,21570,B
282,8,2018-11-06 0:47,2018-11-06 7:56,Fitbit,90.3266332,21570,A
64,15,2018-11-03 1:42,2018-11-03 9:25,Fitbit,84.5882353,21570,B
195,5,2018-11-04 23:50,2018-11-05 5:57,Fitbit,90.5660377,21600,A
221,6,2018-11-03 0:21,2018-11-03 6:57,Fitbit,82.118451,21630,B
69,15,2018-11-08 1:59,2018-11-08 9:00,Fitbit,89.1358025,21660,C
190,5,2018-10-31 0:23,2018-10-31 6:43,Fitbit,90.726817,21720,A
253,14,2018-11-08 6:29,2018-11-08 9:48,Fitbit,93.7984496,21780,A
73,20,2018-11-21 2:18,2018-11-21 10:37,Fitbit,80.7777778,21810,B
227,6,2018-11-09 3:14,2018-11-09 13:18,Fitbit,86.9617225,21810,C
238,27,2018-11-15 23:59,2018-11-16 8:22,Fitbit,90.4466501,21870,A
189,29,2018-11-27 2:31,2018-11-27 9:40,Fitbit,97.0744681,21900,A
56,18,2018-11-23 1:30,2018-11-23 8:02,Fitbit,90.6832298,21900,A
284,8,2018-11-07 23:09,2018-11-08 7:27,Fitbit,84.4110855,21930,B
138,1,2018-11-20 1:38,2018-11-20 7:30,Fitbit,88.7816647,22080,C
24,4,2018-11-07 0:46,2018-11-07 6:59,Fitbit,80.7903403,22080,B
55,18,2018-11-22 1:42,2018-11-22 7:51,Fitbit,93.164557,22080,A
225,6,2018-11-06 23:36,2018-11-07 7:01,Fitbit,86.0302678,22170,B
151,30,2018-11-28 1:24,2018-11-28 7:47,Fitbit,89.3591294,22170,C
272,28,2018-11-23 3:24,2018-11-23 17:13,Fitbit,87.0175439,22320,C
121,23,2018-11-17 2:21,2018-11-17 9:50,Fitbit,91.0866911,22380,A
37,25,2018-11-24 0:42,2018-11-24 7:55,Fitbit,93.0174564,22380,A
10,24,2018-11-20 19:25,2018-11-21 9:04,Fitbit,94.1919192,22380,A
18,4,2018-11-01 0:44,2018-11-01 6:15,Fitbit,86.2745098,22440,B
45,3,2018-11-08 1:28,2018-11-08 9:00,Fitbit,85.8783008,22440,B
87,10,2018-11-03 2:53,2018-11-03 8:58,Fitbit,86.7052023,22500,C
83,20,2018-11-20 2:37,2018-11-20 9:01,Fitbit,86.306099,22500,C
224,6,2018-11-05 23:38,2018-11-06 7:47,Fitbit,83.6120401,22500,B
171,7,2018-11-06 23:59,2018-11-07 6:28,Fitbit,87.7336449,22530,C
78,20,2018-11-28 3:19,2018-11-28 8:52,Fitbit,87.0220162,22530,C
36,25,2018-11-23 2:19,2018-11-23 7:42,Fitbit,98.1770833,22620,A
100,21,2018-11-18 1:45,2018-11-18 6:58,Fitbit,84.787472,22740,B
327,26,2018-11-27 4:32,2018-11-27 9:46,Fitbit,86.8421053,22770,C
203,5,2018-11-12 23:23,2018-11-13 7:05,Fitbit,78.5935884,22800,B
135,1,2018-11-17 3:36,2018-11-17 16:09,Fitbit,90.8004779,22800,A
139,1,2018-11-21 1:38,2018-11-21 8:35,Fitbit,91.8072289,22860,A
147,12,2018-11-01 23:55,2018-11-02 7:13,Fitbit,87.1004566,22890,C
247,14,2018-11-01 0:23,2018-11-01 7:42,Fitbit,96.7088608,22920,A
170,7,2018-11-06 0:48,2018-11-06 6:47,Fitbit,87.6146789,22920,C
114,11,2018-11-10 1:32,2018-11-10 10:25,Fitbit,86.0830527,23010,B
294,19,2018-11-20 1:29,2018-11-20 8:12,Fitbit,91.7464115,23010,A
246,14,2018-11-12 20:47,2018-11-13 7:20,Fitbit,88.0733945,23040,C
146,12,2018-11-01 0:16,2018-11-01 7:16,Fitbit,85.5567806,23280,B
61,15,2018-11-13 4:16,2018-11-13 8:00,Fitbit,91.943128,23280,A
153,30,2018-11-17 1:44,2018-11-17 6:30,Fitbit,90.8665105,23280,A
133,1,2018-11-28 2:09,2018-11-28 10:49,Fitbit,89.1304348,23370,C
60,15,2018-11-12 2:34,2018-11-12 13:16,Fitbit,91.4519906,23430,A
312,9,2018-11-11 23:41,2018-11-12 6:40,Fitbit,87.5699888,23460,C
276,28,2018-11-26 19:44,2018-11-27 8:59,Fitbit,91.0569106,23520,A
233,27,2018-11-23 0:59,2018-11-23 9:04,Fitbit,92.2352941,23520,A
319,26,2018-11-19 4:15,2018-11-19 11:24,Fitbit,88.0044843,23550,C
131,13,2018-11-04 1:33,2018-11-04 8:24,Fitbit,87.5278396,23580,C
165,7,2018-11-01 0:00,2018-11-01 6:47,Fitbit,87.2505543,23610,C
228,6,2018-11-10 0:26,2018-11-10 7:13,Fitbit,84.8223897,23640,B
298,19,2018-11-25 6:06,2018-11-25 21:54,Fitbit,86.3238512,23670,B
159,30,2018-11-23 5:23,2018-11-23 11:47,Fitbit,86.5279299,23700,C
307,9,2018-11-06 23:42,2018-11-07 6:59,Fitbit,88.0846325,23730,C
226,6,2018-11-08 0:34,2018-11-08 7:28,Fitbit,89.3785311,23730,C
188,29,2018-11-25 8:46,2018-11-25 8:46,Fitbit,88.1111111,23790,C
106,21,2018-11-27 1:51,2018-11-27 6:33,Fitbit,84.6481876,23820,B
20,4,2018-11-03 0:06,2018-11-03 6:42,Fitbit,88.0662983,23910,C
240,27,2018-11-18 3:03,2018-11-18 9:38,Fitbit,86.9138495,23910,C
88,10,2018-11-04 23:39,2018-11-04 23:42,Fitbit,89.6629213,23940,C
95,10,2018-11-11 4:45,2018-11-11 9:37,Fitbit,80.3625378,23940,B
292,19,2018-11-17 1:46,2018-11-17 8:26,Fitbit,87.2270742,23970,C
223,6,2018-11-04 23:34,2018-11-05 6:22,Fitbit,85.3632479,23970,B
178,29,2018-11-28 2:27,2018-11-28 7:49,Fitbit,85.4255319,24090,B
237,27,2018-11-15 8:20,2018-11-15 9:31,Fitbit,77.6605944,24300,B
129,13,2018-11-01 0:31,2018-11-01 7:52,Fitbit,87.4730022,24300,C
44,3,2018-11-07 1:33,2018-11-07 7:51,Fitbit,87.311828,24360,C
281,8,2018-11-05 0:23,2018-11-05 7:26,Fitbit,89.0470975,24390,C
269,28,2018-11-20 1:24,2018-11-20 8:03,Fitbit,87.987013,24390,C
175,7,2018-11-10 23:11,2018-11-11 8:57,Fitbit,88.5032538,24480,C
149,12,2018-11-05 0:03,2018-11-05 7:20,Fitbit,89.571899,24480,C
157,30,2018-11-21 2:24,2018-11-21 9:14,Fitbit,88.3243243,24510,C
206,22,2018-11-16 0:44,2018-11-16 5:59,Fitbit,91.4253898,24630,A
79,20,2018-11-16 1:14,2018-11-16 8:29,Fitbit,86.5263158,24660,B
310,9,2018-11-10 0:58,2018-11-10 8:38,Fitbit,89.6626768,24720,C
287,8,2018-11-11 1:29,2018-11-11 8:41,Fitbit,89.5652174,24720,C
248,14,2018-11-02 1:06,2018-11-02 7:56,Fitbit,86.7647059,24780,C
317,26,2018-11-17 3:14,2018-11-17 13:58,Fitbit,89.4282632,24870,C
267,28,2018-11-18 1:17,2018-11-18 8:03,Fitbit,91.5011038,24870,A
309,9,2018-11-08 23:05,2018-11-09 6:27,Fitbit,90.5125409,24900,A
164,7,2018-10-31 23:36,2018-10-31 23:53,Fitbit,88.8650964,24900,C
108,11,2018-11-01 3:07,2018-11-01 13:14,Fitbit,83.3667335,24960,B
211,22,2018-11-21 0:26,2018-11-21 7:27,Fitbit,91.7309813,24960,A
67,15,2018-11-06 0:48,2018-11-06 7:34,Fitbit,93.4977578,25020,A
297,19,2018-11-24 1:28,2018-11-24 11:56,Fitbit,82.1568627,25140,B
115,11,2018-11-11 6:45,2018-11-11 13:42,Fitbit,84.6619576,25170,B
150,12,2018-11-05 21:28,2018-11-06 6:56,Fitbit,77.8293135,25170,B
232,27,2018-11-22 1:02,2018-11-22 8:28,Fitbit,87.6170656,25260,C
318,26,2018-11-18 6:51,2018-11-18 14:08,Fitbit,86.9072165,25290,C
39,3,2018-10-31 12:08,2018-10-31 13:13,Fitbit,87.7211238,25290,C
321,26,2018-11-21 3:23,2018-11-21 8:41,Fitbit,91.5766739,25440,A
245,14,2018-11-12 0:14,2018-11-12 7:31,Fitbit,87.295082,25560,C
208,22,2018-11-17 23:14,2018-11-18 7:53,Fitbit,89.8840885,25590,C
118,23,2018-11-28 2:14,2018-11-28 8:02,Fitbit,85.9,25770,B
90,10,2018-11-06 0:21,2018-11-06 7:17,Fitbit,88.556701,25770,C
19,4,2018-11-02 23:57,2018-11-02 23:58,Fitbit,87.755102,25800,C
289,8,2018-11-13 0:43,2018-11-13 8:05,Fitbit,92.3240938,25980,A
62,15,2018-11-01 0:28,2018-11-01 7:08,Fitbit,87.6257545,26130,C
273,28,2018-11-24 2:14,2018-11-24 8:04,Fitbit,91.2133891,26160,A
34,25,2018-11-21 2:34,2018-11-21 9:34,Fitbit,84.6899225,26220,B
279,8,2018-11-03 1:04,2018-11-03 8:26,Fitbit,92.9025424,26310,A
8,24,2018-11-19 6:26,2018-11-19 8:11,Fitbit,93.6965812,26310,A
94,10,2018-11-10 0:12,2018-11-10 15:23,Fitbit,89.5812053,26310,C
84,10,2018-10-31 23:50,2018-10-31 23:55,Fitbit,90.1437372,26340,C
250,14,2018-11-04 4:53,2018-11-04 12:45,Fitbit,91.2681913,26340,A
47,3,2018-11-10 1:38,2018-11-10 11:52,Fitbit,86.7719645,26370,B
302,9,2018-11-01 22:49,2018-11-02 6:49,Fitbit,89.8063201,26430,C
92,10,2018-11-07 23:22,2018-11-08 7:23,Fitbit,85.6727977,26550,B
76,20,2018-11-26 0:09,2018-11-26 8:10,Fitbit,87.972167,26550,C
207,22,2018-11-16 23:25,2018-11-17 6:25,Fitbit,88.1070367,26670,C
52,18,2018-11-18 1:20,2018-11-18 8:20,Fitbit,96.3282937,26760,A
316,26,2018-11-16 7:09,2018-11-16 12:27,Fitbit,88.3283877,26790,C
126,23,2018-11-22 0:46,2018-11-22 7:49,Fitbit,85.6184084,26790,B
68,15,2018-11-07 0:57,2018-11-07 7:04,Fitbit,90.7801418,26880,A
285,8,2018-11-08 22:18,2018-11-09 6:00,Fitbit,90.2414487,26910,C
275,28,2018-11-26 1:37,2018-11-26 7:29,Fitbit,85.9582543,27180,B
134,1,2018-11-16 0:53,2018-11-16 7:37,Fitbit,91.4400806,27240,A
166,7,2018-11-02 0:14,2018-11-02 7:06,Fitbit,90.7092907,27240,A
222,6,2018-11-04 0:03,2018-11-04 13:11,Fitbit,88.2978723,27390,C
35,25,2018-11-22 2:37,2018-11-22 7:54,Fitbit,91.5831663,27420,A
28,25,2018-11-25 22:40,2018-11-26 7:40,Fitbit,94.6169772,27420,A
80,20,2018-11-17 2:43,2018-11-17 12:35,Fitbit,87.9692012,27420,C
117,23,2018-11-27 4:37,2018-11-27 9:57,Fitbit,83.424408,27480,B
116,11,2018-11-12 6:07,2018-11-12 13:59,Fitbit,89.5914397,27630,C
305,9,2018-11-04 23:03,2018-11-05 6:57,Fitbit,86.8173258,27660,B
229,6,2018-11-11 0:45,2018-11-11 8:12,Fitbit,88.996139,27660,C
220,6,2018-11-01 23:42,2018-11-02 6:28,Fitbit,87.1482176,27870,C
113,11,2018-11-07 7:22,2018-11-07 12:51,Fitbit,88.3239171,28140,C
182,29,2018-11-19 3:37,2018-11-19 6:53,Fitbit,85.4809437,28260,B
308,9,2018-11-07 22:43,2018-11-08 6:52,Fitbit,91.4587332,28590,A
300,19,2018-11-27 2:34,2018-11-27 7:43,Fitbit,85.6378234,28800,B
154,30,2018-11-18 1:11,2018-11-18 7:48,Fitbit,86.5470852,28950,B
74,20,2018-11-21 21:18,2018-11-22 7:38,Fitbit,79.3469388,29160,B
25,4,2018-11-09 2:03,2018-11-09 6:57,Fitbit,87.0535714,29250,C
288,8,2018-11-11 23:33,2018-11-12 8:06,Fitbit,92.1568627,29610,A
104,21,2018-11-23 2:40,2018-11-23 7:27,Fitbit,88.1461676,29670,C
161,30,2018-11-25 1:29,2018-11-25 15:57,Fitbit,86.9947276,29700,C
119,23,2018-11-15 22:57,2018-11-15 23:43,Fitbit,84.4255319,29760,B
107,11,2018-11-13 0:21,2018-11-13 8:25,Fitbit,89.2985612,29790,C
258,2,2018-11-16 22:46,2018-11-16 23:51,Fitbit,83.1114809,29970,B
210,22,2018-11-20 0:39,2018-11-20 23:37,Fitbit,91.704649,30180,A
198,5,2018-11-07 22:11,2018-11-08 7:27,Fitbit,84.9326599,30270,B
216,22,2018-11-26 23:57,2018-11-26 23:57,Fitbit,94.9295775,30330,A
179,29,2018-11-16 1:40,2018-11-16 8:52,Fitbit,87.8787879,30450,C
214,22,2018-11-24 0:02,2018-11-24 23:57,Fitbit,91.1210762,30480,A
31,25,2018-11-18 3:17,2018-11-18 12:53,Fitbit,94.7858473,30540,A
70,15,2018-11-08 21:44,2018-11-09 9:39,Fitbit,83.3878887,30570,B
4,24,2018-11-27 16:28,2018-11-28 5:56,Fitbit,91.3274336,30960,A
27,25,2018-11-25 3:38,2018-11-25 11:30,Fitbit,89.4557823,31560,C
125,23,2018-11-20 21:46,2018-11-21 7:54,Fitbit,83.9779006,31920,B
201,5,2018-11-10 23:39,2018-11-11 15:13,Fitbit,90.3198653,32190,A
122,23,2018-11-18 2:39,2018-11-18 11:54,Fitbit,87.4213836,33360,C
174,7,2018-11-10 4:45,2018-11-10 9:41,Fitbit,89.8468977,33450,C
325,26,2018-11-25 4:10,2018-11-25 13:34,Fitbit,90.0241352,33570,A
296,19,2018-11-22 18:46,2018-11-22 19:43,Fitbit,88.2079131,34110,C
46,3,2018-11-09 1:17,2018-11-09 9:01,Fitbit,87.3369148,34140,C
324,26,2018-11-24 4:00,2018-11-24 17:34,Fitbit,87.5,34440,C
311,9,2018-11-10 22:43,2018-11-11 9:10,Fitbit,90.0703675,34560,A
42,3,2018-11-04 12:02,2018-11-04 13:44,Fitbit,87.5565611,34830,C
0,17,2018-10-31 20:49,2018-10-31 23:56,Fitbit,88.0451128,35130,C
256,2,2018-11-26 2:09,2018-11-26 8:28,Fitbit,90.6202723,35940,A
163,30,2018-11-27 4:59,2018-11-27 7:58,Fitbit,85.5455177,36930,B
213,22,2018-11-23 3:08,2018-11-23 23:59,Fitbit,87.5437369,37530,C
262,16,2018-11-02 3:51,2018-11-02 9:55,Fitbit,88.8030888,41400,C
12,24,2018-11-23 1:40,2018-11-23 8:15,Fitbit,87.6884422,41880,C
186,29,2018-11-23 4:08,2018-11-23 8:58,Fitbit,87.2222222,42390,C
167,7,2018-11-02 23:42,2018-11-03 7:29,Fitbit,86.3304982,42630,C
5,24,2018-11-16 4:25,2018-11-16 6:59,Fitbit,88.767456,43860,C
2,17,2018-11-12 18:08,2018-11-12 23:43,Fitbit,89.6959459,47790,C
264,28,2018-11-12 23:28,2018-11-13 16:51,Fitbit,88.5869565,48900,C
